<?xml version="1.0" encoding="UTF-8"?>
<project-private xmlns="http://www.netbeans.org/ns/project-private/1">
    <editor-bookmarks xmlns="http://www.netbeans.org/ns/editor-bookmarks/2" lastBookmarkId="0"/>
    <open-files xmlns="http://www.netbeans.org/ns/projectui-open-files/2">
        <group>
            <file>file:/C:/Users/Ashmita/Desktop/HMSPresent/HMSPRoject/src/userinterface/DoctorRole/RequestForLabReportsJPanel.java</file>
            <file>file:/C:/Users/Ashmita/Desktop/HMSPresent/HMSPRoject/src/userinterface/MedicalEquipmentSupplier/OrderTableJPanel.java</file>
            <file>file:/C:/Users/Ashmita/Desktop/HMSPresent/HMSPRoject/src/userinterface/Nurse/NurseDetailsJPanel.java</file>
            <file>file:/C:/Users/Ashmita/Desktop/HMSPresent/HMSPRoject/src/userinterface/DoctorRole/DoctorJPanel.java</file>
            <file>file:/C:/Users/Ashmita/Desktop/HMSPresent/HMSPRoject/src/userinterface/AccountsTeam/ManageSalariesJPanel.java</file>
            <file>file:/C:/Users/Ashmita/Desktop/HMSPresent/HMSPRoject/src/userinterface/Patient/PatientDetailsJPanel.java</file>
            <file>file:/C:/Users/Ashmita/Desktop/HMSPresent/HMSPRoject/src/userinterface/AccountsTeam/PatientBillsJPanel.java</file>
            <file>file:/C:/Users/Ashmita/Desktop/HMSPresent/HMSPRoject/src/userinterface/EngineeringTeam/EnggTeamJPanel.java</file>
        </group>
    </open-files>
</project-private>
